bench,CRuby 3.1.0dev mem (MiB),MJIT3.0 mem (MiB),YJIT 3.1.0dev mem (MiB),Inline Code,Outlined Code,YJIT Mem overhead
activerecord,60.7421875,64.8359375,320.890625,1,1
lee,28.71484375,28.22265625,286.51171875,1,1
fib,22.3671875,22.03125,278.87890625,1,1
getivar,22.31640625,22.08203125,278.75390625,1,1
respond_to,22.4375,22.10546875,278.83203125,1,1
