bench,CRuby 3.1.0dev mem (MiB),MJIT3.0 mem (MiB),YJIT 3.1.0dev mem (MiB),Inline Code,Outlined Code,YJIT Mem overhead
activerecord,61.01171875,64.7265625,320.94921875,1,1
lee,28.22265625,28.59375,286.609375,1,1
fib,22.35546875,22.02734375,278.85546875,1,1
getivar,22.35546875,22.0859375,278.984375,1,1
respond_to,22.40625,22.15625,278.8828125,1,1
